Datetime,Water Level (m)
2025-12-02 00:00:00,0.7799841
2025-12-02 01:00:00,0.70032644
2025-12-02 02:00:00,0.4094267
2025-12-02 03:00:00,-0.026877452
2025-12-02 04:00:00,-0.5618052
2025-12-02 05:00:00,-1.068567
2025-12-02 06:00:00,-1.360622
2025-12-02 07:00:00,-1.2889415
2025-12-02 08:00:00,-0.8792329
2025-12-02 09:00:00,-0.33997872
2025-12-02 10:00:00,0.22045499
2025-12-02 11:00:00,0.72202164
2025-12-02 12:00:00,1.0578551
2025-12-02 13:00:00,1.1285225
2025-12-02 14:00:00,0.95688146
2025-12-02 15:00:00,0.6043504
2025-12-02 16:00:00,0.09512115
2025-12-02 17:00:00,-0.49381858
2025-12-02 18:00:00,-0.98494416
2025-12-02 19:00:00,-1.1936358
2025-12-02 20:00:00,-1.0523301
2025-12-02 21:00:00,-0.6781069
2025-12-02 22:00:00,-0.17368115
2025-12-02 23:00:00,0.35569355
2025-12-03 00:00:00,0.76245254
2025-12-03 01:00:00,0.8929041
2025-12-03 02:00:00,0.7014295
2025-12-03 03:00:00,0.3270366
2025-12-03 04:00:00,-0.18010299
2025-12-03 05:00:00,-0.7694636
2025-12-03 06:00:00,-1.2753017
2025-12-03 07:00:00,-1.5121287
2025-12-03 08:00:00,-1.3714526
2025-12-03 09:00:00,-0.9045947
2025-12-03 10:00:00,-0.2908072
2025-12-03 11:00:00,0.3438063
2025-12-03 12:00:00,0.899662
2025-12-03 13:00:00,1.2468603
2025-12-03 14:00:00,1.2843684
2025-12-03 15:00:00,1.0433983
2025-12-03 16:00:00,0.5667453
2025-12-03 17:00:00,-0.07967155
2025-12-03 18:00:00,-0.73334897
2025-12-03 19:00:00,-1.2115868
2025-12-03 20:00:00,-1.3582474
2025-12-03 21:00:00,-1.153128
2025-12-03 22:00:00,-0.7025843
2025-12-03 23:00:00,-0.106228344
2025-12-04 00:00:00,0.46354246
2025-12-04 01:00:00,0.82951313
2025-12-04 02:00:00,0.896365
2025-12-04 03:00:00,0.67505825
2025-12-04 04:00:00,0.25117224
2025-12-04 05:00:00,-0.33444262
2025-12-04 06:00:00,-0.94560385
2025-12-04 07:00:00,-1.4117751
2025-12-04 08:00:00,-1.5841957
2025-12-04 09:00:00,-1.3712828
2025-12-04 10:00:00,-0.8352062
2025-12-04 11:00:00,-0.1615859
2025-12-04 12:00:00,0.51207274
2025-12-04 13:00:00,1.0620021
2025-12-04 14:00:00,1.3743862
2025-12-04 15:00:00,1.3643761
2025-12-04 16:00:00,1.0426925
2025-12-04 17:00:00,0.46195948
2025-12-04 18:00:00,-0.2645653
2025-12-04 19:00:00,-0.93416667
2025-12-04 20:00:00,-1.3774838
2025-12-04 21:00:00,-1.47112
2025-12-04 22:00:00,-1.1909127
2025-12-04 23:00:00,-0.6489552
2025-12-05 00:00:00,-0.00556641
2025-12-05 01:00:00,0.5365119
2025-12-05 02:00:00,0.84950966
2025-12-05 03:00:00,0.87526435
2025-12-05 04:00:00,0.61748606
2025-12-05 05:00:00,0.13697787
2025-12-05 06:00:00,-0.49350277
2025-12-05 07:00:00,-1.0856568
2025-12-05 08:00:00,-1.4952097
2025-12-05 09:00:00,-1.5917739
2025-12-05 10:00:00,-1.2983491
2025-12-05 11:00:00,-0.7074327
2025-12-05 12:00:00,0.0015678555
2025-12-05 13:00:00,0.6656634
2025-12-05 14:00:00,1.1894248
2025-12-05 15:00:00,1.460136
2025-12-05 16:00:00,1.3679457
2025-12-05 17:00:00,0.93535256
2025-12-05 18:00:00,0.2714222
2025-12-05 19:00:00,-0.46158764
2025-12-05 20:00:00,-1.0894464
2025-12-05 21:00:00,-1.4814049
2025-12-05 22:00:00,-1.4943243
2025-12-05 23:00:00,-1.1360064
2025-12-06 00:00:00,-0.54904014
2025-12-06 01:00:00,0.08032902
2025-12-06 02:00:00,0.578659
2025-12-06 03:00:00,0.8427474
2025-12-06 04:00:00,0.81628513
2025-12-06 05:00:00,0.50586617
2025-12-06 06:00:00,-0.005207173
2025-12-06 07:00:00,-0.626408
2025-12-06 08:00:00,-1.1709415
2025-12-06 09:00:00,-1.5157928
2025-12-06 10:00:00,-1.5317122
2025-12-06 11:00:00,-1.1672367
2025-12-06 12:00:00,-0.54621375
2025-12-06 13:00:00,0.15057413
2025-12-06 14:00:00,0.77591926
2025-12-06 15:00:00,1.2452426
2025-12-06 16:00:00,1.4281167
2025-12-06 17:00:00,1.2456951
2025-12-06 18:00:00,0.75042844
2025-12-06 19:00:00,0.07566363
2025-12-06 20:00:00,-0.626627
2025-12-06 21:00:00,-1.2168404
2025-12-06 22:00:00,-1.5351905
2025-12-06 23:00:00,-1.4487857
2025-12-07 00:00:00,-1.0133829
2025-12-07 01:00:00,-0.40794632
2025-12-07 02:00:00,0.16155197
2025-12-07 03:00:00,0.5894051
2025-12-07 04:00:00,0.7990386
2025-12-07 05:00:00,0.7089362
2025-12-07 06:00:00,0.36328006
2025-12-07 07:00:00,-0.13823733
2025-12-07 08:00:00,-0.6880565
2025-12-07 09:00:00,-1.1581331
2025-12-07 10:00:00,-1.4407212
2025-12-07 11:00:00,-1.3923542
2025-12-07 12:00:00,-0.9781149
2025-12-07 13:00:00,-0.37693515
2025-12-07 14:00:00,0.26286352
2025-12-07 15:00:00,0.85706043
2025-12-07 16:00:00,1.2666796
2025-12-07 17:00:00,1.3265262
2025-12-07 18:00:00,1.0378262
2025-12-07 19:00:00,0.5206642
2025-12-07 20:00:00,-0.11298327
2025-12-07 21:00:00,-0.74733275
2025-12-07 22:00:00,-1.2477593
2025-12-07 23:00:00,-1.4405254
2025-12-08 00:00:00,-1.2634583
